{
    "accuracy": 0.75725,
    "precision": 0.7558899965701047,
    "recall": 0.75725,
    "f1": 0.7531598058143018,
    "macro_f1": 0.6021114077108799,
    "weighted_f1": 0.7531598058143018,
    "timestamp": "2026-04-10 13:05:21"
}