{
    "accuracy": 0.75525,
    "precision": 0.7537194098886196,
    "recall": 0.75525,
    "f1": 0.7509814445743173,
    "macro_f1": 0.6025539232226744,
    "weighted_f1": 0.7509814445743173,
    "timestamp": "2026-04-24 13:51:01"
}