{
    "accuracy": 0.9085,
    "precision": 0.9192009517133377,
    "recall": 0.9085,
    "f1": 0.9123626579307141,
    "macro_f1": 0.8177892122393443,
    "weighted_f1": 0.9123626579307141,
    "timestamp": "2026-04-02 20:56:21"
}