{
    "accuracy": 0.9095,
    "precision": 0.9182774143961808,
    "recall": 0.9095,
    "f1": 0.9125858284224917,
    "macro_f1": 0.8183962434424908,
    "weighted_f1": 0.9125858284224917,
    "timestamp": "2026-04-24 13:51:46"
}