{
    "accuracy": 0.84675,
    "precision": 0.8602222014719978,
    "recall": 0.84675,
    "f1": 0.851805571884517,
    "macro_f1": 0.7487531746743404,
    "weighted_f1": 0.851805571884517,
    "timestamp": "2026-04-24 13:44:57"
}