{
    "accuracy": 0.84625,
    "precision": 0.8606798632324303,
    "recall": 0.84625,
    "f1": 0.8516325184389878,
    "macro_f1": 0.748462370454495,
    "weighted_f1": 0.8516325184389878,
    "timestamp": "2026-04-10 13:11:49"
}