{
    "accuracy": 0.8018810679611651,
    "precision": 0.8026018775720849,
    "recall": 0.8018810679611651,
    "f1": 0.798847314432066,
    "macro_f1": 0.6026132166417082,
    "weighted_f1": 0.798847314432066,
    "timestamp": "2026-04-24 13:48:11"
}