{
    "accuracy": 0.8003640776699029,
    "precision": 0.8017055337681812,
    "recall": 0.8003640776699029,
    "f1": 0.7976256935480143,
    "macro_f1": 0.5993820600643546,
    "weighted_f1": 0.7976256935480143,
    "timestamp": "2026-04-02 23:03:15"
}